SMILES,Company,Program,Compound,"HLM Clint, app (uL/min/mg)",Log D pH 7.4,Caco2 Papp (x10^-6 cm/s)
CC(=O)N[C@@H]1CCC[C@@H](C1)C(=O)Nc2cc(ccn2)c3ccc(cc3OC)F,AstraZeneca,AZD4573,2,12,3,
Cc1ncc(n1C(C)C)c2ccnc(c2)NC(=O)[C@H]3CCC[C@H](C3)NC(=O)C,AstraZeneca,AZD4573,3,3.6,1.9,
CC(=O)N[C@@H]1CCC[C@@H](C1)C(=O)Nc2cc(ccn2)c3cnn4c3CCCC4,AstraZeneca,AZD4573,4,<3,2.4,
CC(=O)N[C@@H]1CCC[C@@H](C1)C(=O)Nc2cc(c(cn2)F)c3cnn4c3CCCC4,AstraZeneca,AZD4573,5,<3,2.9,
CC(=O)N[C@@H]1CCC[C@@H](C1)C(=O)Nc2cc(c(cn2)Cl)c3cnn4c3CCCC4,AstraZeneca,AZD4573,6,17,3.2,
Cc1c(cnn1C)c2cc(ncc2Cl)NC(=O)[C@H]3CCC[C@H](C3)NC(=O)C,AstraZeneca,AZD4573,7,3.3,2.6,
CC(=O)N[C@@H]1CCC[C@@H](C1)C(=O)Nc2cc(c(cn2)Cl)c3cnn4c3cccc4,AstraZeneca,AZD4573,8,,3.6,
CC(=O)N[C@@H]1CCC[C@@H](C1)C(=O)Nc2cc(c(cn2)Cl)c3cnc4n3CCCC4,AstraZeneca,AZD4573,9,16,2.7,
Cc1ncc(n1C)c2cc(ncc2Cl)NC(=O)[C@H]3CCC[C@H](C3)NC(=O)C,AstraZeneca,AZD4573,10,,2.2,
CC(=O)N[C@@H]1CCC[C@@H](C1)C(=O)Nc2cc(c(cn2)Cl)c3cnc4n3cccc4,AstraZeneca,AZD4573,11,,3,
CC(=O)N[C@@H]1CCC[C@@H](C1)C(=O)Nc2cc(c(cn2)Cl)c3c4n(nn3)CCCC4,AstraZeneca,AZD4573,12,,2,
CC(=O)N[C@@H]1CCC[C@@H](C1)C(=O)Nc2cc(c(cn2)Cl)c3cnn4c3CCC4,AstraZeneca,AZD4573,13,<3,2.9,
CC(=O)N[C@@H]1CCC[C@@H](C1)C(=O)Nc2cc(c(cn2)Cl)c3cnc4n3CCC4,AstraZeneca,AZD4573,14,9.7,2.6,
CC(=O)N[C@@H]1CCC[C@@H](C1)C(=O)Nc2cc(c(cn2)Cl)c3cnn4c3CCCCC4,AstraZeneca,AZD4573,15,39,3.6,
CC(=O)N[C@@H]1CCC[C@@H](C1)C(=O)Nc2cc(c(cn2)Cl)c3cnn4c3COCC4,AstraZeneca,AZD4573,16,<3,2.4,
CC(=O)N[C@@H]1CCC[C@@H](C1)C(=O)Nc2cc(c(cn2)Cl)c3cnn4c3CN(CC4)C,AstraZeneca,AZD4573,17,<3,2.1,
CC(=O)N[C@@H]1CCC[C@@H](C1)C(=O)Nc2cc(c(cn2)Cl)c3cnn4c3NCCC4,AstraZeneca,AZD4573,18,6.2,2.4,
CC(=O)N[C@@H]1CCC[C@@H](C1)C(=O)Nc2cc(c(cn2)Cl)c3cnn4c3OCCC4,AstraZeneca,AZD4573,19,<3,2.6,
CC(=O)N[C@@H]1CCC[C@@H](C1)C(=O)Nc2cc(ccn2)c3cnn4c3CC(CC4)(C)C,AstraZeneca,AZD4573,20,29,3.1,
CC(=O)N[C@@H]1CCC[C@@H](C1)C(=O)Nc2cc(c(cn2)F)c3cnn4c3CC(CC4)(C)C,AstraZeneca,AZD4573,21,178,3.6,
CC(=O)N[C@@H]1CCC[C@@H](C1)C(=O)Nc2cc(ccn2)c3cnn4c3CC(C4)(C)C,AstraZeneca,AZD4573,22,<3,2.8,
CC(=O)N[C@@H]1CCC[C@@H](C1)C(=O)Nc2cc(c(cn2)F)c3cnn4c3CC(C4)(C)C,AstraZeneca,AZD4573,23,19,3.3,
CC(=O)N[C@@H]1CCC[C@@H](C1)C(=O)Nc2cc(c(cn2)Cl)c3cnn4c3CC(C4)(C)C,AstraZeneca,AZD4573,24,50,3.8,
CC(=O)N[C@@H]1CCC[C@@H](C1)C(=O)Nc2cc(c(cn2)C#N)c3cnn4c3CC(C4)(C)C,AstraZeneca,AZD4573,25,26,3.2,
Cc1cnc(cc1c2cnn3c2CC(C3)(C)C)NC(=O)[C@H]4CCC[C@H](C4)NC(=O)C,AstraZeneca,AZD4573,26,19,3.1,
C[C@H]1Cc2c(cnn2C1)c3cc(ncc3Cl)NC(=O)[C@H]4CCC[C@H](C4)NC(=O)C,AstraZeneca,AZD4573,27,18,3.4,
C[C@H]1Cc2c(cnn2C1)c3cc(ncc3Cl)NC(=O)[C@H]4CCC[C@H](C4)NC(=O)C,AstraZeneca,AZD4573,28,13,3.4,
CC(=O)N[C@@H]1CCC[C@@H](C1)C(=O)Nc2cc(c(cn2)Cl)c3cnc4n3CC(C4)(C)C,AstraZeneca,AZD4573,29,63,3.6,
CC(=O)N[C@@H]1CC[C@@H](C1)C(=O)Nc2cc(c(cn2)Cl)c3cnn4c3CC(C4)(C)C,AstraZeneca,AZD4573,33,38,3.5,
CC1(Cn2ncc(c2C1)c3c(cnc(c3)NC(=O)[C@H]4C[C@H](C4)O)Cl)C,AstraZeneca,AZD4573,34,25,3.2,
C[C@@H]1Cc2c(ccc3c2cn[nH]3)[C@H](N1CC(C)(C)F)c4c(cc(cc4F)OCCN5CC(C5)CF)F,AstraZeneca,AZD9833,5,,4.4,
C[C@@H]1Cc2c(ccc3c2cn[nH]3)[C@H](N1CC(C)(C)F)c4ccc(cc4OC)OCCN5CC(C5)CF,AstraZeneca,AZD9833,6,,3.6,
C[C@@H]1Cc2c(ccc3c2cn[nH]3)[C@H](N1CC(C)C)c4c(cc(cc4F)OCCN5CC(C5)CF)F,AstraZeneca,AZD9833,7,,4.6,
C[C@@H]1Cc2c(ccc3c2cn[nH]3)[C@H](N1CC(C)C)c4ccc(cc4)OCCN5CC(C5)CF,AstraZeneca,AZD9833,8,,3.4,
C[C@@H]1Cc2c(ccc3c2cn[nH]3)[C@H](N1CC(C)C)c4ccc(cc4OC)OCCN5CC(C5)CF,AstraZeneca,AZD9833,9,,2.4,
C[C@@H]1Cc2c(ccc3c2cn[nH]3)[C@H](N1CC(C)C)c4ccc(cn4)OCCN5CC(C5)CF,AstraZeneca,AZD9833,10,,3.2,
C[C@@H]1Cc2c(ccc3c2cn[nH]3)[C@H](N1CC4(CC4)F)c5ccc(cc5OC)OCCN6CC(C6)CF,AstraZeneca,AZD9833,11,,2.8,
C[C@@H]1Cc2c(ccc3c2cn[nH]3)[C@H](N1CC4(CC4)F)c5ccc(cn5)OCCN6CC(C6)CF,AstraZeneca,AZD9833,12,,2.6,
C[C@@H]1Cc2c(ccc3c2cn[nH]3)[C@H](N1CC4(COC4)F)c5ccc(cc5OC)OCCN6CC(C6)CF,AstraZeneca,AZD9833,13,,2.7,
C[C@@H]1Cc2c(ccc3c2cn[nH]3)[C@H](N1CC4(CC4)F)c5ccc(cc5OC)OCCNCCCF,AstraZeneca,AZD9833,14,,2.4,
C[C@@H]1Cc2c(ccc3c2cn[nH]3)[C@H](N1CC4(CC4)F)c5ccc(cc5OC)OC6CN(C6)CCCF,AstraZeneca,AZD9833,15,,3.5,
C[C@@H]1Cc2c(ccc3c2cn[nH]3)[C@H](N1CC4(CC4)F)c5ccc(cc5OC)NC6CN(C6)CCCF,AstraZeneca,AZD9833,16,,2.4,1.8
C[C@@H]1Cc2c(ccc3c2cn[nH]3)[C@H](N1CC4(CC4)F)c5ccc(cn5)NCCNCCCF,AstraZeneca,AZD9833,17,,2,
C[C@@H]1Cc2c(ccc3c2cn[nH]3)[C@H](N1CC4(CC4)F)c5ccc(cn5)NC6CN(C6)CCCF,AstraZeneca,AZD9833,18,,2.5,
C[C@@H]1Cc2c(ccc3c2cn[nH]3)[C@H](N1CC(C)(C)F)c4ccc(cc4OC)NC5CN(C5)CCCF,AstraZeneca,AZD9833,19,,3.2,
C[C@@H]1Cc2c(ccc3c2cn[nH]3)[C@H](N1CC(C)(C)F)c4ccc(cn4)NC5CN(C5)CCCF,AstraZeneca,AZD9833,20,,3.2,
C[C@@H]1Cc2c(ccc3c2cn[nH]3)[C@H](N1CC(C)(F)F)c4ccc(cc4OC)NC5CN(C5)CCCF,AstraZeneca,AZD9833,21,,3.7,
C[C@@H]1Cc2c(ccc3c2cn[nH]3)[C@H](N1CC(C)(F)F)c4ccc(cn4)NC5CN(C5)CCCF,AstraZeneca,AZD9833,22,,2.9,
C[C@@H]1Cc2c(ccc3c2cn[nH]3)[C@H](N1CC(CO)(F)F)c4ccc(cc4OC)NC5CN(C5)CCCF,AstraZeneca,AZD9833,23,,2.5,
C[C@@H]1Cc2c(ccc3c2cn[nH]3)[C@H](N1CC(CO)(F)F)c4ccc(cn4)NC5CN(C5)CCCF,AstraZeneca,AZD9833,24,,2,
C[C@@H]1Cc2c(ccc3c2cn[nH]3)[C@H](N1CC(F)F)c4ccc(cc4OC)NC5CN(C5)CCCF,AstraZeneca,AZD9833,25,,3.2,
C[C@@H]1Cc2c(ccc3c2cn[nH]3)[C@H](N1CC(F)F)c4ccc(cn4)NC5CN(C5)CCCF,AstraZeneca,AZD9833,26,,2.4,
C[C@@H]1Cc2c(ccc3c2cn[nH]3)[C@H](N1CC(F)(F)F)c4ccc(cc4OC)NC5CN(C5)CCCF,AstraZeneca,AZD9833,27,,3.6,
C[C@@H]1Cc2c(ccc3c2cn[nH]3)[C@H](N1CC(F)(F)F)c4ccc(cn4)NC5CN(C5)CCCF,AstraZeneca,AZD9833,28,,2.9,
C[C@@H]1Cc2c(ccc3c2cn[nH]3)[C@H](N1CC(F)F)c4ccc(cn4)OCCN5CC(C5)CF,AstraZeneca,AZD9833,29,,2.4,
C[C@@H]1Cc2c(ccc3c2cn[nH]3)[C@H](N1CC(F)(F)F)c4ccc(cn4)OCCN5CC(C5)CF,AstraZeneca,AZD9833,30,,3,
C[C@@H]1Cc2c(ccc3c2cn[nH]3)[C@@](N1CC(F)F)(C)c4ccc(cn4)NC5CN(C5)CCCF,AstraZeneca,AZD9833,31,,3.2,
CC1(Cc2c(ccc3c2cn[nH]3)C(N1CC(F)F)c4ccc(cn4)NC5CN(C5)CCCF)C,AstraZeneca,AZD9833,32,,3,
CC1(Cc2c(ccc3c2cn[nH]3)C(N1CC(F)(F)F)c4ccc(cn4)NC5CN(C5)CCCF)C,AstraZeneca,AZD9833,33,,3.3,
C[C@@H]1Cc2c3cc[nH]c3ccc2[C@H](N1CC(F)(F)F)c4ccc(cn4)NC5CN(C5)CCCF,AstraZeneca,AZD9833,34,,3.2,
C[C@@H]1Cc2c(ccc3c2cn[nH]3)[C@H](N1CC(F)(F)F)c4ccc(cn4)NCCNCCCF,AstraZeneca,AZD9833,35,,2.7,
C[C@@H]1Cc2c(ccc3c2cn[nH]3)[C@H](N1CC(F)(F)F)c4ccc(cn4)NC5(CN(C5)CCCF)C,AstraZeneca,AZD9833,36,,3.2,
C[C@@H]1Cc2c(ccc3c2cn[nH]3)[C@H](N1CC(F)(F)F)c4ccc(cn4)N(C)C5CN(C5)CCCF,AstraZeneca,AZD9833,37,,3.2,
C[C@@H]1Cc2c(ccc3c2cn[nH]3)[C@H](N1CC(F)(F)F)c4ccc(cn4)N[C@H]5CCN(C5)CCCF,AstraZeneca,AZD9833,38,,3,
C[C@@H]1Cc2c(ccc3c2cn[nH]3)[C@H](N1CC(F)(F)F)c4ccc(cn4)N(C)[C@H]5CCN(C5)CCCF,AstraZeneca,AZD9833,39,,3.5,
C[C@@H]1Cc2c(ccc3c2cn[nH]3)[C@H](N1CC(F)(F)F)c4ccc(cn4)O[C@H]5CCN(C5)CCCF,AstraZeneca,AZD9833,40,,3.2,
c1[nH]c2ncnc(c2c1C3CCOCC3)N[C@H]4CC[C@@H](CC4)N5CCOCC5,AstraZeneca,compound 23,1,,1.5,14.0
c1[nH]c2ncnc(c2c1C3CCOCC3)N[C@H]4CC[C@H](CC4)N5CCOCC5,AstraZeneca,compound 23,2,,1.7,23.0
CC(c1c2c(ncnc2[nH]c1)N[C@H]3CC[C@H](CC3)N4CCN(CC4)C(=O)C)C,AstraZeneca,compound 23,3,,2.3,12.0
CC(c1c2n(ncnc2N[C@H]3CC[C@@H](CC3)N4CCN(CC4)C(=O)C)cc1)C,AstraZeneca,compound 23,4,,2.4,38.0
CC(c1c2n(ncnc2N[C@H]3CC[C@H](CC3)N4CCN(CC4)C(=O)C)cc1)C,AstraZeneca,compound 23,5,,2.4,29.0
Cc1ncsc1c2ccc(cc2)CNC(=O)[C@H]3N(C[C@@H](C3)O)C(=O)[C@@H](NC(=O)COCCOCCOCCOCC(=O)N4CCN(CC4)[C@H]5CC[C@H](CC5)Nc6ncnn7c6c(cc7)C(C)C)C(C)(C)C,AstraZeneca,compound 23,6,,3.2,
Cc1ncsc1c2ccc(cc2)CNC(=O)[C@H]3N(C[C@@H](C3)O)C(=O)[C@@H](NC(=O)COCCOCCOCCOCCOCCOCC(=O)N4CCN(CC4)[C@H]5CC[C@H](CC5)Nc6ncnn7c6c(cc7)C(C)C)C(C)(C)C,AstraZeneca,compound 23,8,,2.8,
CC(c1c2n(ncnc2N[C@H]3CC[C@H](CC3)N4CCN(CC4)C(=O)CCOCCOCCOCCNc5c6c(ccc5)C(=O)N(C6=O)C7C(=O)NC(=O)CC7)cc1)C,AstraZeneca,compound 23,9,,2.3,
CC(c1c2n(ncnc2N[C@H]3CC[C@H](CC3)N4CCN(CC4)C(=O)CCOCCOCCOCCOCCNc5c6c(ccc5)C(=O)N(C6=O)C7C(=O)NC(=O)CC7)cc1)C,AstraZeneca,compound 23,10,,2.2,
CC(c1c2n(ncnc2N[C@H]3CC[C@H](CC3)N4CCN(CC4)C(=O)CCOCCOCCOCCOCCOCCNc5c6c(ccc5)C(=O)N(C6=O)C7C(=O)NC(=O)CC7)cc1)C,AstraZeneca,compound 23,11,,2.1,
Cc1ncsc1c2ccc(cc2)CNC(=O)[C@H]3N(C[C@@H](C3)O)C(=O)[C@@H](NC(=O)COCCOCCNC(=O)CCC(=O)N4CCN(CC4)[C@H]5CC[C@H](CC5)Nc6ncnn7c6c(cc7)C(C)C)C(C)(C)C,AstraZeneca,compound 23,12,,3.3,
Cc1ncsc1c2ccc(cc2)CNC(=O)[C@H]3N(C[C@@H](C3)O)C(=O)[C@@H](NC(=O)COCCOCCOCCNC(=O)CCC(=O)N4CCN(CC4)[C@H]5CC[C@H](CC5)Nc6ncnn7c6c(cc7)C(C)C)C(C)(C)C,AstraZeneca,compound 23,13,,3.1,
Cc1ncsc1c2ccc(cc2)CNC(=O)[C@H]3N(C[C@@H](C3)O)C(=O)[C@@H](NC(=O)COCCOCCOCCOCCNC(=O)CCC(=O)N4CCN(CC4)[C@H]5CC[C@H](CC5)Nc6ncnn7c6c(cc7)C(C)C)C(C)(C)C,AstraZeneca,compound 23,14,,3,
Cc1ncsc1c2ccc(cc2)CNC(=O)[C@H]3N(C[C@@H](C3)O)C(=O)[C@@H](NC(=O)CCCNC(=O)CCC(=O)N4CCN(CC4)[C@H]5CC[C@H](CC5)Nc6ncnn7c6c(cc7)C(C)C)C(C)(C)C,AstraZeneca,compound 23,15,,3.7,
Cc1ncsc1c2ccc(cc2)CNC(=O)[C@H]3N(C[C@@H](C3)O)C(=O)[C@@H](NC(=O)CCCCCCNC(=O)CCC(=O)N4CCN(CC4)[C@H]5CC[C@H](CC5)Nc6ncnn7c6c(cc7)C(C)C)C(C)(C)C,AstraZeneca,compound 23,16,,>3.0,
CC(c1c2n(ncnc2N[C@H]3CC[C@H](CC3)N4CCN(CC4)C(=O)CCC(=O)NCCOCCOCCNc5c6c(ccc5)C(=O)N(C6=O)C7C(=O)NC(=O)CC7)cc1)C,AstraZeneca,compound 23,17,,2.3,
CC(c1c2n(ncnc2N[C@H]3CC[C@H](CC3)N4CCN(CC4)C(=O)CCC(=O)NCCOCCOCCOCCNc5c6c(ccc5)C(=O)N(C6=O)C7C(=O)NC(=O)CC7)cc1)C,AstraZeneca,compound 23,18,,2.1,
CC(c1c2n(ncnc2N[C@H]3CC[C@H](CC3)N4CCN(CC4)C(=O)CCC(=O)NCCOCCOCCOCCOCCNc5c6c(ccc5)C(=O)N(C6=O)C7C(=O)NC(=O)CC7)cc1)C,AstraZeneca,compound 23,19,,2,
CC(c1c2n(ncnc2N[C@H]3CC[C@H](CC3)N4CCN(CC4)C(=O)CCC(=O)NCCCCNc5c6c(ccc5)C(=O)N(C6=O)C7C(=O)NC(=O)CC7)cc1)C,AstraZeneca,compound 23,20,,2.9,
CC(c1c2n(ncnc2N[C@H]3CC[C@H](CC3)N4CCN(CC4)C(=O)CCC(=O)NCCCCCCNc5c6c(ccc5)C(=O)N(C6=O)C7C(=O)NC(=O)CC7)cc1)C,AstraZeneca,compound 23,21,,3.7,
CC(c1c2n(ncnc2N[C@H]3CC[C@H](CC3)N4CCN(CC4)C(=O)CCC(=O)N5CCC(CC5)CN6CCN(CC6)c7cc8c(cc7)C(=O)N(C8=O)C9C(=O)NC(=O)CC9)cc1)C,AstraZeneca,compound 23,22,,3.1,
CC(c1c2n(ncnc2N[C@H]3CC[C@H](CC3)N4CCN(CC4)C(=O)CCC(=O)N5CCC(CC5)CCN6CCN(CC6)c7cc8c(cc7)C(=O)N(C8=O)C9C(=O)NC(=O)CC9)cc1)C,AstraZeneca,compound 23,23,,3.1,
CC(c1c2n(ncnc2N[C@H]3CC[C@H](CC3)N4CCN(CC4)C(=O)CCC(=O)N5CCC(CC5)CCN6CCN(CC6)c7cc8c(cc7)C(=O)N(C8=O)C9C(=O)N(C(=O)CC9)C)cc1)C,AstraZeneca,compound 23,24,,3.7,
FC(C=N1)=CN=C1C2=C(OC)C(NC3=C(C(NC([2H])([2H])[2H])=O)C=NC(NC(C4CC4)=O)=C3)=CC=C2,BMS,BMS-986202,7,,,9.6
O=C(NC([2H])([2H])[2H])C1=NN=C(NC(C2CC2)=O)C=C1NC3=CC=CC(C4=NC=CC=N4)=C3OC,BMS,BMS-986202,12,,,33.9
O=C(NC([2H])([2H])[2H])C1=NN=C(NC(C2CC2)=O)C=C1NC3=CC=CC(C4=NC=C(C)C=N4)=C3OC,BMS,BMS-986202,13,,,42.7
O=C(NC([2H])([2H])[2H])C1=NN=C(NC(C2CC2)=O)C=C1NC3=CC=CC(C4=NC=C(F)C=N4)=C3OC,BMS,BMS-986202,14,,,44.3
O=C(NC([2H])([2H])[2H])C1=NN=C(NC(C2CC2)=O)C=C1NC3=CC=CC(C4=NC=C(OC)C=N4)=C3OC,BMS,BMS-986202,15,,,33.9
O=C(NC([2H])([2H])[2H])C1=NN=C(NC(C2CC2)=O)C=C1NC3=CC=CC(C4=NC(C)=CC=N4)=C3OC,BMS,BMS-986202,16,,,32.8
O=C(NC([2H])([2H])[2H])C1=NN=C(NC(C2CC2)=O)C=C1NC3=CC=CC(C4=NC(OC)=CC=N4)=C3OC,BMS,BMS-986202,17,,,24.8
O=C(NC([2H])([2H])[2H])C1=NN=C(NC(C2CC2)=O)C=C1NC3=CC=CC(C4=NC=C(C(O)(C)C)C=N4)=C3OC,BMS,BMS-986202,18,,,2.4
O=C(NC([2H])([2H])[2H])C1=NN=C(NC(C2CC2)=O)C=C1NC3=CC=CC(C4=NC=C(C(N(C)C)=O)C=N4)=C3OC,BMS,BMS-986202,19,,,2.4
O=C(NC([2H])([2H])[2H])C1=NN=C(NC(C2CC2)=O)C=C1NC3=CC=CC(C4=NC=C(C(O)(C)C(F)(F)F)C=N4)=C3OC,BMS,BMS-986202,20,,,1.6
O=C(NC([2H])([2H])[2H])C1=NN=C(NC(C2CC2)=O)C=C1NC3=CC=CC(C4=NC=C(C(N(CC)CC)=O)C=N4)=C3OC,BMS,BMS-986202,21,,,3.4
O=C(NC([2H])([2H])[2H])C1=NN=C(NC(C2CC2)=O)C=C1NC3=CC(F)=CC(C4=NC=C(C(O)(C)C)C=N4)=C3OC,BMS,BMS-986202,22,,,2.0
O=C(NC([2H])([2H])[2H])C1=NN=C(NC(C2CC2)=O)C=C1NC3=CC(F)=CC(C4=NC=C(C(N(C)C)=O)C=N4)=C3OC,BMS,BMS-986202,23,,,2.2
O=C(NC([2H])([2H])[2H])C1=NN=C(NC(C2CC2)=O)C=C1NC3=CC=CC(C4=NC=C(C(O)(C)C)N=C4)=C3OC,BMS,BMS-986202,24,,,14.6
O=C(NC([2H])([2H])[2H])C1=NN=C(NC(C2CC2)=O)C=C1NC3=CC=CC(C4=NC=C(C(N(C)C)=O)N=C4)=C3OC,BMS,BMS-986202,25,,,9.8
O=C(NC([2H])([2H])[2H])C1=NN=C(NC(C2CC2)=O)C=C1NC3=CC=CC(C4=NC=C(C(O)(C)C)C=C4)=C3OC,BMS,BMS-986202,26,,,7.3
O=C(NC([2H])([2H])[2H])C1=NN=C(NC(C2CC2)=O)C=C1NC3=CC=CC(C4=NC=C(C(N(C)C)=O)C=C4)=C3OC,BMS,BMS-986202,27,,,6.6
O=C(NC([2H])([2H])[2H])C1=NN=C(NC(C2CC2)=O)C=C1NC3=CC=CC(C4=NN=C(C(O)(C)C)C=C4)=C3OC,BMS,BMS-986202,28,,,2.6
O=C(NC([2H])([2H])[2H])C1=NN=C(NC(C2CC2)=O)C=C1NC3=CC=CC(C4=NN=C(C(N(C)C)=O)C=C4)=C3OC,BMS,BMS-986202,29,,,4.5
O=C(NC([2H])([2H])[2H])C1=CN=C(NC(C2CC2)=O)C=C1NC3=CC=CC(C4=NC=CC=N4)=C3OC,BMS,BMS-986202,30,,,4.2
O=C(NC([2H])([2H])[2H])C1=CN=C(NC(C2CC2)=O)C=C1NC3=CC=CC(C4=NC=C(C)N=C4)=C3OC,BMS,BMS-986202,31,,,3.2
O=C(NC([2H])([2H])[2H])C1=CN=C(NC(C2CC2)=O)C=C1NC3=CC=CC(C4=NC=C(OC)N=C4)=C3OC,BMS,BMS-986202,32,,,18.7
O=C(NC([2H])([2H])[2H])C1=CN=C(NC(C2CC2)=O)C=C1NC3=CC(F)=CC(C4=NC=CC=N4)=C3OC,BMS,BMS-986202,33,,,11.3
C[C@@H](NC1=C(Cl)C(C)=NC2=CC(F)=C(N=C12)C1=CN=C(N=C1)C(C)(C)O)C1=CC(=CC=C1F)C#N,BMS,compound 42,42,,,20.0
COc1ccc(cc1)S(=O)(=O)N2[C@@H](C)C(C)(C)c3cc(ccc23)C(=O)NCc4ccccc4Cl,Bayer AG,BAY 1214784,1a,,,1.6
COc1ccc(cc1)S(=O)(=O)N2[C@@H](C)C3(CCN(CC3)C(=O)C)c4cc(ccc24)C(=O)NCc5ccccc5Cl,Bayer AG,BAY 1214784,2b,,,3.8
C[C@@H]1N(c2ccc(cc2C13CCNCC3)C(=O)NCc4ccccc4Cl)S(=O)(=O)c5ccc(F)cc5,Bayer AG,BAY 1214784,3a,,,0.18
Fc1ccc(cc1)S(=O)(=O)N2[C@@H](C3CC3)C4(CCS(=O)(=O)CC4)c5cc(ccc25)C(=O)NCc6ncccc6Cl,Bayer AG,BAY 1214784,4a,,,2.1
Fc1ccc(cc1)S(=O)(=O)N2[C@@H](C3CC3)C4(CCS(=O)(=O)CC4)c5cc(ccc25)C(=O)NCc6ncc(cc6Cl)C(F)(F)F,Bayer AG,BAY 1214784,5a,,,1.3
CCN(C1)C([C@@H](C)OC21CCN(CCC3=CC(F)=CC=C3F)CC2)=O,ESTEVE Pharma,EST73502,14u,2.4,2,34.9
COC1=CC2=C(C=C1OC)C1=CC(NCC3=CC=CC=C3)=NC(=O)N1CC2,Galapagos SASU,GLPG1205,1,,,15.0
O=C(N(CCC1=C2C=CC(C3=CC=CC=C3C#N)=C1)C2=C4)N=C4OCC5OCCOC5,Galapagos SASU,GLPG1205,26,,,1.3
O=C(N(CCC1=C2C=CC(C#CC3CC3)=C1)C2=C4)N=C4OC[C@H]5OCCOC5,Galapagos SASU,GLPG1205,36(S),,,41.9
O=C(N(CCC1=C2C=CC(C#CC3CC3)=C1)C2=C4)N=C4OC[C@H]5OCCOC5,Galapagos SASU,GLPG1205,37(R),,,31.2
O=C(c1noc(-c(ccc(F)c2)c2F)c1)NC(CC1)CCN1C1CCCCC1,Idorsia Pharmaceuticals,ACT-1004-1239,8g,,2.8,
O=C(c1nnc(-c(ccc(F)c2)c2F)o1)NC(CC1)CCN1C1CCCCC1,Idorsia Pharmaceuticals,ACT-1004-1239,10e,,1.6,
CN(C)C([C@@H](CN(CC1)C2CCCCC2)[C@H]1NC(c1noc(-c(ccc(F)c2)c2F)c1)=O)=O,Idorsia Pharmaceuticals,ACT-1004-1239,11i,13,2.9,
CC(c1ncccc1)NC([C@@H](CN(CC1)C2CCCCC2)[C@H]1NC(c1noc(-c(ccc(F)c2)c2F)c1)=O)=O,Idorsia Pharmaceuticals,ACT-1004-1239,20m,,3.8,
C[C@H](c1ncccc1)NC([C@H](CN(CC1)C2CCCCC2)[C@@H]1NC(c1noc(-c(ccc(F)c2)c2F)c1)=O)=O,Idorsia Pharmaceuticals,ACT-1004-1239,20n,,>4.1,
C[C@H](c1ncccc1)NC([C@@H](CN(CC1)C2CCCCC2)[C@H]1NC(c1noc(-c(ccc(F)c2)c2F)c1)=O)=O,Idorsia Pharmaceuticals,ACT-1004-1239,20o,100,3.9,
O=C([C@@H](CN(CC1)C2CCCCC2)[C@H]1NC(c1noc(-c(ccc(F)c2)c2F)c1)=O)NCc1ccccc1,Idorsia Pharmaceuticals,ACT-1004-1239,21a,67,>4.1,
C[C@H](c1ccccc1)NC([C@@H](CN(CC1)C2CCCCC2)[C@H]1NC(c1noc(-c(ccc(F)c2)c2F)c1)=O)=O,Idorsia Pharmaceuticals,ACT-1004-1239,21b,149,>4.1,
OC[C@H](c1ccccc1)NC([C@@H](CN(CC1)C2CCCCC2)[C@H]1NC(c1noc(-c(ccc(F)c2)c2F)c1)=O)=O,Idorsia Pharmaceuticals,ACT-1004-1239,21c,76,4,
O=C([C@@H](CN(CC1)C2CCCCC2)[C@H]1NC(c1noc(-c(ccc(F)c2)c2F)c1)=O)NCCc1ncccc1,Idorsia Pharmaceuticals,ACT-1004-1239,21d,134,3.6,
CC(C)(c1ncccc1)NC([C@@H](CN(CC1)C2CCCCC2)[C@H]1NC(c1noc(-c(ccc(F)c2)c2F)c1)=O)=O,Idorsia Pharmaceuticals,ACT-1004-1239,21e,78,3.8,
O=C([C@@H](CN(CC1)C2CCCCC2)[C@H]1NC(c1noc(-c(ccc(F)c2)c2F)c1)=O)NC1(CC1)c1ncccc1,Idorsia Pharmaceuticals,ACT-1004-1239,21f,47,> 3.8,
O=C([C@@H](CN(CC1)C2CCCCC2)[C@H]1NC(c1noc(-c(ccc(F)c2)c2F)c1)=O)NC1(CC1)c1ncccn1,Idorsia Pharmaceuticals,ACT-1004-1239,21g,22,2.9,
O=C([C@@H](CNCC1)[C@H]1NC(c1noc(-c(ccc(F)c2)c2F)c1)=O)NC1(CC1)c1ncccn1,Idorsia Pharmaceuticals,ACT-1004-1239,27,22,0.6,
CN(CC[C@@H]1NC(c2noc(-c(ccc(F)c3)c3F)c2)=O)C[C@@H]1C(NC1(CC1)c1ncccn1)=O,Idorsia Pharmaceuticals,ACT-1004-1239,28a,18,1.7,
CCN(CC[C@@H]1NC(c2noc(-c(ccc(F)c3)c3F)c2)=O)C[C@@H]1C(NC1(CC1)c1ncccn1)=O,Idorsia Pharmaceuticals,ACT-1004-1239,28b,<10,1.8,
CCCN(CC[C@@H]1NC(c2noc(-c(ccc(F)c3)c3F)c2)=O)C[C@@H]1C(NC1(CC1)c1ncccn1)=O,Idorsia Pharmaceuticals,ACT-1004-1239,28c,14,2.5,
CC(C)N(CC[C@@H]1NC(c2noc(-c(ccc(F)c3)c3F)c2)=O)C[C@@H]1C(NC1(CC1)c1ncccn1)=O,Idorsia Pharmaceuticals,ACT-1004-1239,28d,<10,1.8,
O=C([C@@H](CN(CC1)C2CC2)[C@H]1NC(c1noc(-c(ccc(F)c2)c2F)c1)=O)NC1(CC1)c1ncccn1,Idorsia Pharmaceuticals,ACT-1004-1239,28e,21,2.4,
O=C([C@@H](CN(CC1CC1)CC1)[C@H]1NC(c1noc(-c(ccc(F)c2)c2F)c1)=O)NC1(CC1)c1ncccn1,Idorsia Pharmaceuticals,ACT-1004-1239,28f,9.2,2.5,
O=C([C@@H](CN(CC1)C2CCC2)[C@H]1NC(c1noc(-c(ccc(F)c2)c2F)c1)=O)NC1(CC1)c1ncccn1,Idorsia Pharmaceuticals,ACT-1004-1239,28g,17,2.9,
O=C([C@@H](CN(CC1CCC1)CC1)[C@H]1NC(c1noc(-c(ccc(F)c2)c2F)c1)=O)NC1(CC1)c1ncccn1,Idorsia Pharmaceuticals,ACT-1004-1239,28h,50,3.1,
O=C([C@@H](CN(CC1)C2CCCC2)[C@H]1NC(c1noc(-c(ccc(F)c2)c2F)c1)=O)NC1(CC1)c1ncccn1,Idorsia Pharmaceuticals,ACT-1004-1239,28i,24,2.9,
CC1(CN(CC[C@@H]2NC(c3noc(-c(ccc(F)c4)c4F)c3)=O)C[C@@H]2C(NC2(CC2)c2ncccn2)=O)CC1,Idorsia Pharmaceuticals,ACT-1004-1239,28j,148,3.1,
O=C([C@@H](CN(CC1(CC1)F)CC1)[C@H]1NC(c1noc(-c(ccc(F)c2)c2F)c1)=O)NC1(CC1)c1ncccn1,Idorsia Pharmaceuticals,ACT-1004-1239,28k,22,2.7,
O=C([C@@H](CN(CCCF)CC1)[C@H]1NC(c1noc(-c(ccc(F)c2)c2F)c1)=O)NC1(CC1)c1ncccn1,Idorsia Pharmaceuticals,ACT-1004-1239,28l,16,2.2,
O=C([C@@H](CN(CC1)C(C2)CC2(F)F)[C@H]1NC(c1noc(-c(ccc(F)c2)c2F)c1)=O)NC1(CC1)c1ncccn1,Idorsia Pharmaceuticals,ACT-1004-1239,28m,,2.9,
COCCN(CC[C@@H]1NC(c2noc(-c(ccc(F)c3)c3F)c2)=O)C[C@@H]1C(NC1(CC1)c1ncccn1)=O,Idorsia Pharmaceuticals,ACT-1004-1239,28n,21,1.9,
CC(N(CC[C@@H]1NC(c2noc(-c(ccc(F)c3)c3F)c2)=O)C[C@@H]1C(NC1(CC1)c1ncccn1)=O)=O,Idorsia Pharmaceuticals,ACT-1004-1239,28o,,1.6,
O=C(NC1=CC(C)=CC(C)=C1)[C@H](CCC2)N2S(C3=CC=C(OC)C=C3)(=O)=O,Idorsia Pharmaceuticals,daridorexant,7,140,,
COC1=CC=CC2=C1NC([C@H]([C@@H]3CC[C@@H]4C3)N4C(C5=CC(C)=CC=C5N6N=CC=N6)=O)=N2,Idorsia Pharmaceuticals,daridorexant,32,202,,
O=C(C1=CC(C)=CC=C1N2N=CC=N2)N3[C@@](C)(CCC3)C4=NC(C=CC(Cl)=C5C)=C5N4,Idorsia Pharmaceuticals,daridorexant,65,206,,
O=C(C1=CC(C)=CC=C1N2N=CC=N2)N3[C@@](C)(CCC3)C4=NC(C=CC(Br)=C5C)=C5N4,Idorsia Pharmaceuticals,daridorexant,66,186,,
O=C(N1[C@@](C2=NC(C=C(OC)C(OC)=C3)=C3N2)(C)CCC1)C4=CC(C)=CC=C4N5N=CC=N5,Idorsia Pharmaceuticals,daridorexant,72,186,,
O=C(C1=CC(C)=CC=C1N2N=CC=N2)N3[C@@](C)(CCC3)C4=NC(C=C(C(C(F)(F)F)=C5)Cl)=C5N4,Idorsia Pharmaceuticals,daridorexant,78,98,,
O=C(C1=CC(C)=CC=C1N2N=CC=N2)N3[C@@](C)(CCC3)C4=NC(C=C(C=C5C)Br)=C5N4,Idorsia Pharmaceuticals,daridorexant,80,155,,
O=C(N1[C@@](C2=NC(C=C(Br)C(C)=C3C)=C3N2)(C)CCC1)C4=CC(C)=CC=C4N5N=CC=N5,Idorsia Pharmaceuticals,daridorexant,84,266,,
O=C(C1=CC(F)=CC=C1N2N=CC=N2)N3[C@@](C)(CCC3)C4=NC(C=CC(Cl)=C5C)=C5N4,Idorsia Pharmaceuticals,daridorexant,85,96,,
O=C(C1=CC(Cl)=CC=C1N2N=CC=N2)N3[C@@](C)(CCC3)C4=NC(C=CC(Cl)=C5C)=C5N4,Idorsia Pharmaceuticals,daridorexant,89,125,,
O=C(N1[C@@](C2=NC(C=C(OC)C(OC)=C3)=C3N2)(C)CCC1)C4=CC(Cl)=CC=C4N5N=CC=N5,Idorsia Pharmaceuticals,daridorexant,91,90,,
O=C(C1=CC(OC)=CC=C1N2N=CC=N2)N3[C@@](C)(CCC3)C4=NC(C=CC(Cl)=C5C)=C5N4,Idorsia Pharmaceuticals,daridorexant,93,138,,
O=C(N1[C@@](C2=NC(C=C(OC)C(OC)=C3)=C3N2)(C)CCC1)C4=CC(OC)=CC=C4N5N=CC=N5,Idorsia Pharmaceuticals,daridorexant,94,14,,
O=C(N1[C@@](C2=NC(C=CC(Cl)=C3C)=C3N2)(C)CCC1)C4=CC(C)=C(C)C=C4N5N=CC=N5,Idorsia Pharmaceuticals,daridorexant,96,456,,
O=C(C1=CC(C)=C(C=C1N2N=CC=N2)C)N3[C@@](C)(CCC3)C4=NC(C=C(C(C(F)(F)F)=C5)Cl)=C5N4,Idorsia Pharmaceuticals,daridorexant,97,197,,
O=C(N1[C@@](C2=NC(C=C(OC)C(OC)=C3)=C3N2)(C)CCC1)C4=CC(C)=C(C)C=C4N5N=CC=N5,Idorsia Pharmaceuticals,daridorexant,98,39,,
O=C(N1[C@@](C2=NC(C=CC(OC(F)(F)F)=C3)=C3N2)(C)CCC1)C4=CC(C)=C(C)C=C4N5N=CC=N5,Idorsia Pharmaceuticals,daridorexant,99,205,,
O=C(C1=C(C(OC)=CC=C1N2N=CC=N2)F)N3[C@@](C)(CCC3)C4=NC(C=CC(Cl)=C5C)=C5N4,Idorsia Pharmaceuticals,daridorexant,104,64,,
O=C(N1[C@@](C2=NC(C=C(Cl)C(C(F)(F)F)=C3)=C3N2)(C)CCC1)C4=C(F)C(OC)=CC=C4N5N=CC=N5,Idorsia Pharmaceuticals,daridorexant,105,48,,
O=C(C1=NC(C)=CC=C1N2N=CC=N2)N3[C@@](C)(CCC3)C4=NC(C=CC(Cl)=C5C)=C5N4,Idorsia Pharmaceuticals,daridorexant,108,111,,
O=C(N1[C@@](C2=NC(C=C(Cl)C(C(F)(F)F)=C3)=C3N2)(C)CCC1)C4=NC(C)=CC=C4N5N=CC=N5,Idorsia Pharmaceuticals,daridorexant,109,12,,
O=C(N1[C@@](C2=NC(C=CC(Cl)=C3C)=C3N2)(C)CCC1)C4=NC(C)=CC=C4N5C=CC=N5,Idorsia Pharmaceuticals,daridorexant,111,106,,
O=C(N1[C@@](C2=NC(C=CC(Cl)=C3C)=C3N2)(C)CCC1)C4=CC(C)=CC=C4C5=NC=CC=N5,Idorsia Pharmaceuticals,daridorexant,114,138,,
O=C(N1[C@@](C2=NC(C=C(Br)C=C3C)=C3N2)(C)CCC1)C4=CC(C)=CC=C4C5=NC=CC=N5,Idorsia Pharmaceuticals,daridorexant,118,69,,
O=C(N1[C@@](C2=NC3=C(C=CC(Br)=C3C)N2)(C)CCC1)C4=CC(OC)=CC=C4N5N=CC=N5,Idorsia Pharmaceuticals,daridorexant,119,134,,
O=C(N1[C@@](C2=NC(C=CC(F)=C3C)=C3N2)(C)CCC1)C4=CC(OC)=CC=C4N5N=CC=N5,Idorsia Pharmaceuticals,daridorexant,120,71,,
O=C(N1[C@@](C2=NC(C=CC(Cl)=C3C)=C3N2)(C)CCC1)C4=C(F)C(OC)=CC=C4C5=CC=CC=C5,Idorsia Pharmaceuticals,daridorexant,127,194,,
O=C(N1[C@@](C2=NC(C=CC(Cl)=C3C)=C3N2)(C)CCC1)C4=C(C5=CC=CC=C5)SC(C)=N4,Idorsia Pharmaceuticals,daridorexant,128,296,,
O=C(N1[C@@](C2=NC(C=CC(Cl)=C3C)=C3N2)(C)CCC1)C4=C(C5=CC=CC(Cl)=C5)SC(C)=N4,Idorsia Pharmaceuticals,daridorexant,129,285,,
O=C(N1[C@@](C2=NC3=C(C=C(Br)C=C3C)N2C)(C)CCC1)C4=CC(C)=CC=C4N5N=CC=N5,Idorsia Pharmaceuticals,daridorexant,134,99,,
O=C(N1[C@@](C2=NC3=C(C=CC(Cl)=C3C)N2C)(C)CCC1)C4=CC(C)=CC=C4N5N=CC=N5,Idorsia Pharmaceuticals,daridorexant,139,149,,
C[C@H]1COC[C@H](C)N1C2=C(C=NC3=CC(Cl)=NN23)NC(=O)Nc4ccnc(c4)C(F)(F)F,Novartis,MLT-985,MLT-231,114,,
CC1=C(C=NC2=CC(Cl)=NN12)NC(=O)Nc3ccnc(c3)C(F)(F)F,Novartis,MLT-985,2,<25,,
CC(C)C1=C(C=NC2=CC(Cl)=NN12)NC(=O)Nc3ccnc(c3)C(F)(F)F,Novartis,MLT-985,3,61,,
CC(C)C1=C(C=NC2=CC(Cl)=NN12)NC(=O)Nc3cnc(c(Cl)c3)N4N=CC=N4,Novartis,MLT-985,4,<25,,
O=C(Nc1cnc(c(Cl)c1)N2N=CC=N2)NC4C=NC3=CC(Cl)=NN3C=4C5CC5,Novartis,MLT-985,5,<25,,
O=C(Nc1cnc(c(Cl)c1)N2N=CC=N2)NC4C=NC3=CC(Cl)=NN3C=4C5CCOCC5,Novartis,MLT-985,6,<25,,
COC[C@H](C)C1=C(C=NC2=CC(Cl)=NN12)NC(=O)Nc3cnc(c(Cl)c3)N4N=CC=N4,Novartis,MLT-985,7,81.4,,
COC[C@@H](C)C1=C(C=NC2=CC(Cl)=NN12)NC(=O)Nc3cnc(c(Cl)c3)N4N=CC=N4,Novartis,MLT-985,8,<25,,
COCC1=C(C=NC2=CC(Cl)=NN12)NC(=O)Nc3cnc(c(Cl)c3)N4N=CC=N4,Novartis,MLT-985,9,<25,,
CO[C@@H](C)C1=C(C=NC2=CC(Cl)=NN12)NC(=O)Nc3cnc(c(Cl)c3)N4N=CC=N4,Novartis,MLT-985,MLT-985,<25,,
ClC1=NN2C(N=CC(NC(NC3=CC=NC(C(F)(F)F)=C3)=O)=C2[C@H](C)OC)=C1,Novartis,MLT-985,MLT-943,<25,,
NC1=NC(N2CCC3(CO[C@@H](C)[C@H]3N)CC2)=CN=C1SC4=C(Cl)C(N)=NC=C4,Novartis,TNO155,1,,0.6,
NC1=NC(N2CCC(N)(C)CC2)=CN=C1C3=CC=CC(Cl)=C3Cl,Novartis,TNO155,10,,0.92,
ClC1=C(SC2=NC=C(N3CCC(C)(N)CC3)N=C2N)C=CC=C1Cl,Novartis,TNO155,24,,1.1,
ClC1=C(SC2=NC=C(N3CCC(C)(N)CC3)N=C2N)C=CC=C1,Novartis,TNO155,25,,0.8,
NC1=NC(N2CCC(C)(N)CC2)=CN=C1SC3=C(C(F)(F)F)N=CC=C3,Novartis,TNO155,26,,-0.5,
ClC1=C(SC2=NC=C(N3CCC(C)(CN)CC3)N=C2N)C=CC=C1Cl,Novartis,TNO155,29,,2.5,
NC1=NC(N2CCC(C)(CN)CC2)=CN=C1SC3=C(C(F)(F)F)N=CC=C3,Novartis,TNO155,31,,-1.6,
ClC1=C(SC2=NC=C(N3CCC(C)(CN)CC3)N=C2N)C=CN=C1N,Novartis,TNO155,33,,-0.9,
NC1=NC(N2CCC3(CCC[C@H]3N)CC2)=CN=C1SC4=C(C(F)(F)F)N=CC=C4,Novartis,TNO155,34,,0.3,
NC1=NC(N2CCC3(CCC[C@H]3N)CC2)=CN=C1SC4=C(Cl)C(N)=NC=C4,Novartis,TNO155,36,,-0.6,
ClC(C(N)=NC=C1)=C1SC2=NC=C(N3CCC4(CCC[C@H]4N)CC3)N=C2,Novartis,TNO155,37,,1.2,
NC1=NC(N2CCC3(COC[C@H]3N)CC2)=CN=C1SC4=C(Cl)C(N)=NC=C4,Novartis,TNO155,38,,0.2,
CC(N=N1)=NN1CC2=CC(C(F)(F)F)=CC=C2/C=C/C(N3CCC(C4=NN=C(C)O4)CC3)=O,Novartis,compound 15a,15a,13,,
CC(N=N1)=NN1CC2=CC(C(F)(F)F)=CC=C2/C=C/C(N3CCC(C4=NOC(C)=N4)CC3)=O,Novartis,compound 15a,15c,19,,
CC(N=N1)=NN1CC2=CC(C(F)(F)F)=CC=C2/C=C/C(N3CCC(N4C=NC(C)=N4)CC3)=O,Novartis,compound 15a,15d,16,,
C[C@@H]1OC[C@@H](N(C1)C1CCN(CC1)c1nnc([nH]1)N)Cc1ccc(cc1)Cl,OncoArendi Therapeutics,OATD-01,9 (OATD-01),,2.4,0.58
O=C1CC2(CCN(C(C3=CC(C4=CC=C(C(O)=O)C=C4)=NC=C3)=O)CC2)OC5=CN(C(C)(C)C)N=C51,Pfizer,PF-05221304,8,,0.5,
O=C1CC2(CCN(C(C3=CC(C4=CC=C(C(O)=O)C=C4)=NC(N(C)C)=C3)=O)CC2)OC5=CN(C(C)(C)C)N=C51,Pfizer,PF-05221304,9,,-0.4,
O=C1CC2(CCN(C(C3=CC(C4=CC=C(C(O)=O)C=C4)=NC(OC)=C3)=O)CC2)OC5=CN(C(C)(C)C)N=C51,Pfizer,PF-05221304,10,,0.8,
O=C1CC2(CCN(C(C3=CC(C4=CC=C(C(O)=O)C=C4)=NC(N(C)C)=C3)=O)CC2)CC5=C1N(C(C)C)N=C5,Pfizer,PF-05221304,11,,1.4,
O=C1CC2(CCN(C(C3=CC(C4=CC=C(C(O)=O)C=C4)=NC(OC)=C3)=O)CC2)CC5=C1N(C(C)C)N=C5,Pfizer,PF-05221304,12,,1.1,
c1(c(cc(nc1N1CC[C@@](C1)(O)C)N1C[C@@H]([C@H](C1)O)O)C(F)(F)F)C#N,Pfizer,PF-06835919,1,<13,2.2,
c1(c(cc(nc1N1C[C@H]([C@@H]1C)O)N1C[C@@H]2[C@H]([C@@H]2CO)C1)C(F)(F)F)C#N,Pfizer,PF-06835919,4,,3.3,
c1(c(cc(nc1N1[C@H]([C@@H](C1)O)C)N1C[C@@H]2[C@H](C1)[C@H]2C(O)=O)C(F)(F)F)C#N,Pfizer,PF-06835919,5,,0.6,
c1(c(cc(nc1N1[C@H]([C@@H](C1)O)C)N1C[C@@H]2[C@H](C1)[C@H]2CC(O)=O)C(F)(F)F)C#N,Pfizer,PF-06835919,6,<11,1,
n1c(cc(nc1N1[C@H]([C@@H](C1)O)C)N1C[C@@H]2[C@H](C1)[C@H]2CC(O)=O)C(F)(F)F,Pfizer,PF-06835919,7,,0.1,
n1c(cc(nc1N1[C@H](CC1)C)N1C[C@H]2[C@H](C1)[C@H]2CC(O)=O)C(F)(F)F,Pfizer,PF-06835919,8,,1,
c1cnc(nc1c2cnc(nc2)N)N3CCOCC3,Pfizer,PF-06843195 prodrug,4,,1.5,
c1c(cnc(n1)N)c2c3c(nc(n2)N4CCOCC4)N(CC3)[C@H]5CCNC5,Pfizer,PF-06843195 prodrug,5,13,-0.74,
CC(=O)N1CC[C@@H](C1)N2CCc3c2nc(nc3c4cnc(nc4)N)N5CCOCC5,Pfizer,PF-06843195 prodrug,6,<8,1.1,
CNC(=O)N1CC[C@@H](C1)N2CCc3c2nc(nc3c4cnc(nc4)N)N5CCOCC5,Pfizer,PF-06843195 prodrug,7,<8,1.3,
COC(=O)N1CC[C@@H](C1)N2CCc3c2nc(nc3c4cnc(nc4)N)N5CCOCC5,Pfizer,PF-06843195 prodrug,8,<8,1.9,
CS(=O)(=O)N1CC[C@@H](C1)N2CCc3c2nc(nc3c4cnc(nc4)N)N5CCOCC5,Pfizer,PF-06843195 prodrug,9,<8,1.3,
CNS(=O)(=O)N1CC[C@@H](C1)N2CCc3c2nc(nc3c4cnc(nc4)N)N5CCOCC5,Pfizer,PF-06843195 prodrug,10,<11,1.4,
C[C@@]1(CCN(C1)C(=O)OC(C)(C)C)N2CCc3c2nc(nc3c4cnc(nc4)N)N5CCOCC5,Pfizer,PF-06843195 prodrug,11,160,3.7,
CC(=O)N1CC[C@](C1)(C)N2CCc3c2nc(nc3c4cnc(nc4)N)N5CCOCC5,Pfizer,PF-06843195 prodrug,12,<8,1.6,
C[C@@]1(CCN(C1)C(=O)NC)N2CCc3c2nc(nc3c4cnc(nc4)N)N5CCOCC5,Pfizer,PF-06843195 prodrug,13,<11,1.7,
C[C@@]1(CCN(C1)C(=O)OC)N2CCc3c2nc(nc3c4cnc(nc4)N)N5CCOCC5,Pfizer,PF-06843195 prodrug,14,29,2.6,
C[C@@]1(CCN(C1)S(=O)(=O)C)N2CCc3c2nc(nc3c4cnc(nc4)N)N5CCOCC5,Pfizer,PF-06843195 prodrug,15,36,1.6,
C[C@@]1(CCN(C1)S(=O)(=O)NC)N2CCc3c2nc(nc3c4cnc(nc4)N)N5CCOCC5,Pfizer,PF-06843195 prodrug,16,20,1.9,
CC(C)C(=O)N1CC[C@](C1)(C)N2CCc3c2nc(nc3c4cnc(nc4)N)N5CCOCC5,Pfizer,PF-06843195 prodrug,17,46,2.4,
C[C@@]1(CCN(C1)C(=O)C(C)(C)O)N2CCc3c2nc(nc3c4cnc(nc4)N)N5CCOCC5,Pfizer,PF-06843195 prodrug,18,16,2,
C[C@@]1(CCN(C1)C(=O)C(C)(C)N)N2CCc3c2nc(nc3c4cnc(nc4)N)N5CCOCC5,Pfizer,PF-06843195 prodrug,19,<9,0.4,
C[C@@]1(CCN(C1)C(=O)OC(C)(C)C)Nc2cc(nc(n2)N3CCOCC3)c4cnc(nc4)N,Pfizer,PF-06843195 prodrug,28,110,3.8,
CC(C)(C)OC(=O)N1CC[C@](C1)(CO)Nc2cc(nc(n2)N3CCOCC3)c4cnc(nc4)N,Pfizer,PF-06843195 prodrug,29,140,2.7,
CC(C)C(=O)N1CC[C@](C1)(CO)Nc2cc(nc(n2)N3CCOCC3)c4cnc(nc4)N,Pfizer,PF-06843195 prodrug,30,17,1.4,
COC(=O)N1CC[C@](C1)(CO)Nc2cc(nc(n2)N3CCOCC3)c4cnc(nc4)N,Pfizer,PF-06843195 prodrug,31,13,1.5,
CS(=O)(=O)N1CC[C@](C1)(CO)Nc2cc(nc(n2)N3CCOCC3)c4cnc(nc4)N,Pfizer,PF-06843195 prodrug,32,<8,0.79,
c1c(nc(nc1N[C@]2(CCN(C2)C(=O)OCC(F)F)CO)N3CCOCC3)c4cnc(nc4)N,Pfizer,PF-06843195 prodrug,33,17,1.7,
COC(=O)N1CC[C@](C1)(CO)Nc2c(c(nc(n2)N3CCOCC3)c4cnc(nc4)N)F,Pfizer,PF-06843195 prodrug,34,<8,1.6,
c1c(cnc(n1)N)c2c(c(nc(n2)N3CCOCC3)N[C@]4(CCN(C4)C(=O)OCC(F)F)COP(=O)(O)O)F,Pfizer,PF-06843195 prodrug,1,<18,1.9,
ClC1=CC(F)=C(COC2=NC=C(F)C(C3CCN(CC4=NC(C=CN=C5)=C5N4C)CC3)=N2)C=C1,Pfizer,PF-06882961,2,,5.6,
ClC1=CC(F)=C(COC2=CC=CC(C3CCN(CC4=NC(C=CN=C5)=C5N4C)CC3)=N2)C=C1,Pfizer,PF-06882961,3,,5.7,
ClC1=CC(F)=C(COC2=CC=CC(C3CCN(CC4=NC(N=CC=C5NCC(O)=O)=C5N4C)CC3)=N2)C=C1,Pfizer,PF-06882961,4,,2.3,
ClC1=CC(F)=C(COC2=CC=CC(C3CCN(CC4=NC(C=CC(C(O)=O)=N5)=C5N4C)CC3)=N2)C=C1,Pfizer,PF-06882961,5,,2,
FC1=C(COC2=CC=CC(C3CCN(CC4=NC(C=CC(C(O)=O)=C5)=C5N4C[C@H]6CCO6)CC3)=N2)C=CC(C#N)=C1,Pfizer,PF-06882961,PF-06882961,,1.8,
CC1=CN([C@@H](C2CCNCC2)C)C3=NC(C(N)=O)=CC(Cl)=C31,Sanofi,compound 27,5(I),,,7.1
